"STATION","NAME","LATITUDE","LONGITUDE","ELEVATION","DATE","AWND","AWND_ATTRIBUTES","PGTM","PGTM_ATTRIBUTES","PRCP","PRCP_ATTRIBUTES","SNOW","SNOW_ATTRIBUTES","SNWD","SNWD_ATTRIBUTES","TAVG","TAVG_ATTRIBUTES","TMAX","TMAX_ATTRIBUTES","TMIN","TMIN_ATTRIBUTES","TSUN","TSUN_ATTRIBUTES","WDF2","WDF2_ATTRIBUTES","WDF5","WDF5_ATTRIBUTES","WSF2","WSF2_ATTRIBUTES","WSF5","WSF5_ATTRIBUTES","WT01","WT01_ATTRIBUTES","WT02","WT02_ATTRIBUTES","WT03","WT03_ATTRIBUTES","WT04","WT04_ATTRIBUTES","WT06","WT06_ATTRIBUTES","WT08","WT08_ATTRIBUTES"
"USW00094728","NY CITY CENTRAL PARK, NY US","40.77898","-73.96925","42.7","2018-01-01","7.83",",,W",,,"0.00",",,W,2400","0.0",",,W,2400","0.0","T,,W,2400",,,"19",",,W","7",",,W",,,"  300",",,W","  300",",,W","15.0",",,W","25.1",",,W",,,,,,,,,,,,
"USW00094728","NY CITY CENTRAL PARK, NY US","40.77898","-73.96925","42.7","2018-01-02","8.05",",,W",,,"0.00",",,W,2400","0.0",",,W,2400","0.0",",,W,2400",,,"26",",,W","13",",,W",,,"  260",",,W","  250",",,W","16.1",",,W","28.0",",,W",,,,,,,,,,,,
"USW00094728","NY CITY CENTRAL PARK, NY US","40.77898","-73.96925","42.7","2018-01-03","3.13",",,W",,,"0.00",",,W,2400","0.0",",,W,2400","0.0","T,,W,2400",,,"30",",,W","16",",,W",,,"  260",",,W","  270",",,W","14.1",",,W","21.9",",,W",,,,,,,,,,,,
"USW00094728","NY CITY CENTRAL PARK, NY US","40.77898","-73.96925","42.7","2018-01-04","12.53",",,W",,,"0.76",",,W,2400","9.8",",,W,2400","1.2",",,W,2400",,,"29",",,W","19",",,W",,,"  310",",,W","  310",",,W","23.9",",,W","42.9",",,W","    1",",,W","    1",",,W",,,,,,,"    1",",,W"
"USW00094728","NY CITY CENTRAL PARK, NY US","40.77898","-73.96925","42.7","2018-01-05","12.97",",,W",,,"0.00",",,W,2400","0.0",",,W,2400","7.1",",,W,2400",,,"19",",,W","9",",,W",,,"  280",",,W","  280",",,W","21.0",",,W","35.1",",,W",,,,,,,,,,,,
"USW00094728","NY CITY CENTRAL PARK, NY US","40.77898","-73.96925","42.7","2018-01-06","10.96",",,W",,,"0.00",",,W,2400","0.0",",,W,2400","5.9",",,W,2400",,,"13",",,W","6",",,W",,,"  310",",,W","  310",",,W","19.9",",,W","31.1",",,W",,,,,,,,,,,,
"USW00094728","NY CITY CENTRAL PARK, NY US","40.77898","-73.96925","42.7","2018-01-07","6.49",",,W",,,"0.00",",,W,2400","0.0",",,W,2400","5.9",",,W,2400",,,"18",",,W","5",",,W",,,"  250",",,W","  250",",,W","16.1",",,W","28.0",",,W",,,,,,,,,,,,
"USW00094728","NY CITY CENTRAL PARK, NY US","40.77898","-73.96925","42.7","2018-01-08","5.82",",,W",,,"0.01",",,W,2400","0.0","T,,W,2400","5.1",",,W,2400",,,"31",",,W","17",",,W",,,"  250",",,W","  240",",,W","15.0",",,W","27.1",",,W",,,,,,,,,,,"    1",",,W"
"USW00094728","NY CITY CENTRAL PARK, NY US","40.77898","-73.96925","42.7","2018-01-09","6.71",",,W",,,"0.00",",,W,2400","0.0",",,W,2400","5.1",",,W,2400",,,"44",",,W","30",",,W",,,"  310",",,W","  330",",,W","15.0",",,W","27.1",",,W",,,,,,,,,,,,
"USW00094728","NY CITY CENTRAL PARK, NY US","40.77898","-73.96925","42.7","2018-01-10","4.25",",,W",,,"0.00",",,W,2400","0.0",",,W,2400","3.9",",,W,2400",,,"43",",,W","30",",,W",,,"  150",",,W","  180",",,W","10.1",",,W","14.1",",,W",,,,,,,,,,,,
"USW00094728","NY CITY CENTRAL PARK, NY US","40.77898","-73.96925","42.7","2018-01-11","3.13",",,W",,,"0.00",",,W,2400","0.0",",,W,2400","3.1",",,W,2400",,,"53",",,W","41",",,W",,,"  160",",,W","  170",",,W","12.1",",,W","19.0",",,W","    1",",,W",,,,,,,,,"    1",",,W"
"USW00094728","NY CITY CENTRAL PARK, NY US","40.77898","-73.96925","42.7","2018-01-12","6.93",",,W",,,"0.54",",,W,2400","0.0",",,W,2400","0.0","T,,W,2400",,,"61",",,W","44",",,W",,,"  170",",,W","  170",",,W","14.1",",,W","25.1",",,W","    1",",,W",,,,,,,,,,
"USW00094728","NY CITY CENTRAL PARK, NY US","40.77898","-73.96925","42.7","2018-01-13","9.62",",,W",,,"0.05",",,W,2400","0.0",",,W,2400","0.0",",,W,2400",,,"58",",,W","19",",,W",,,"  310",",,W","  280",",,W","18.1",",,W","30.0",",,W","    1",",,W",,,,,,,,,,
"USW00094728","NY CITY CENTRAL PARK, NY US","40.77898","-73.96925","42.7","2018-01-14","8.05",",,W",,,"0.00",",,W,2400","0.0",",,W,2400","0.0",",,W,2400",,,"25",",,W","15",",,W",,,"   20",",,W","  330",",,W","15.0",",,W","23.0",",,W",,,,,,,,,,,,
"USW00094728","NY CITY CENTRAL PARK, NY US","40.77898","-73.96925","42.7","2018-01-15","8.05",",,W",,,"0.00",",,W,2400","0.0",",,W,2400","0.0",",,W,2400",,,"30",",,W","16",",,W",,,"   50",",,W","   50",",,W","16.1",",,W","21.0",",,W",,,,,,,,,,,,
"USW00094728","NY CITY CENTRAL PARK, NY US","40.77898","-73.96925","42.7","2018-01-16","4.03",",,W",,,"0.00",",,W,2400","0.0",",,W,2400","0.0",",,W,2400",,,"36",",,W","25",",,W",,,"   50",",,W","   90",",,W","8.1",",,W","11.0",",,W",,,,,,,,,,,,
"USW00094728","NY CITY CENTRAL PARK, NY US","40.77898","-73.96925","42.7","2018-01-17","6.04",",,W",,,"0.19",",,W,2400","0.4",",,W,2400","0.0",",,W,2400",,,"36",",,W","22",",,W",,,"  310",",,W","  300",",,W","13.0",",,W","19.9",",,W","    1",",,W",,,,,,,,,"    1",",,W"
"USW00094728","NY CITY CENTRAL PARK, NY US","40.77898","-73.96925","42.7","2018-01-18","7.83",",,W",,,"0.00",",,W,2400","0.0",",,W,2400","0.0","T,,W,2400",,,"32",",,W","18",",,W",,,"  310",",,W","  320",",,W","14.1",",,W","21.0",",,W",,,,,,,,,,,,
"USW00094728","NY CITY CENTRAL PARK, NY US","40.77898","-73.96925","42.7","2018-01-19","5.37",",,W",,,"0.00",",,W,2400","0.0",",,W,2400","0.0","T,,W,2400",,,"41",",,W","24",",,W",,,"  250",",,W","  260",",,W","13.0",",,W","23.0",",,W",,,,,,,,,,,,
"USW00094728","NY CITY CENTRAL PARK, NY US","40.77898","-73.96925","42.7","2018-01-20","8.50",",,W",,,"0.00",",,W,2400","0.0",",,W,2400","0.0","T,,W,2400",,,"52",",,W","38",",,W",,,"  290",",,W","  250",",,W","19.9",",,W","29.1",",,W",,,,,,,,,,,,
"USW00094728","NY CITY CENTRAL PARK, NY US","40.77898","-73.96925","42.7","2018-01-21","2.91",",,W",,,"0.00",",,W,2400","0.0",",,W,2400","0.0",",,W,2400",,,"50",",,W","42",",,W",,,"  280",",,W","  270",",,W","8.9",",,W","14.1",",,W",,,,,,,,,,,,
"USW00094728","NY CITY CENTRAL PARK, NY US","40.77898","-73.96925","42.7","2018-01-22","5.37",",,W",,,"0.01",",,W,2400","0.0",",,W,2400","0.0",",,W,2400",,,"49",",,W","38",",,W",,,"   60",",,W","   50",",,W","14.1",",,W","18.1",",,W","    1",",,W",,,,,,,,,"    1",",,W"
"USW00094728","NY CITY CENTRAL PARK, NY US","40.77898","-73.96925","42.7","2018-01-23","6.26",",,W",,,"0.30",",,W,2400","0.0",",,W,2400","0.0",",,W,2400",,,"60",",,W","38",",,W",,,"  280",",,W","  290",",,W","21.9",",,W","38.0",",,W","    1",",,W",,,,,,,,,,
"USW00094728","NY CITY CENTRAL PARK, NY US","40.77898","-73.96925","42.7","2018-01-24","9.40",",,W",,,"0.00",",,W,2400","0.0",",,W,2400","0.0",",,W,2400",,,"44",",,W","27",",,W",,,"  290",",,W","  280",",,W","16.1",",,W","25.9",",,W",,,,,,,,,,,,
"USW00094728","NY CITY CENTRAL PARK, NY US","40.77898","-73.96925","42.7","2018-01-25","6.71",",,W",,,"0.00",",,W,2400","0.0",",,W,2400","0.0",",,W,2400",,,"34",",,W","23",",,W",,,"  310",",,W","  320",",,W","15.0",",,W","25.1",",,W",,,,,,,,,,,,
"USW00094728","NY CITY CENTRAL PARK, NY US","40.77898","-73.96925","42.7","2018-01-26","3.80",",,W",,,"0.00",",,W,2400","0.0",",,W,2400","0.0",",,W,2400",,,"38",",,W","26",",,W",,,"  170",",,W","  180",",,W","13.0",",,W","19.9",",,W",,,,,,,,,,,,
"USW00094728","NY CITY CENTRAL PARK, NY US","40.77898","-73.96925","42.7","2018-01-27","6.49",",,W",,,"0.00",",,W,2400","0.0",",,W,2400","0.0",",,W,2400",,,"56",",,W","35",",,W",,,"  250",",,W","  240",",,W","15.0",",,W","25.9",",,W",,,,,,,,,,,,
"USW00094728","NY CITY CENTRAL PARK, NY US","40.77898","-73.96925","42.7","2018-01-28","3.80",",,W",,,"0.21",",,W,2400","0.0",",,W,2400","0.0",",,W,2400",,,"55",",,W","46",",,W",,,"  250",",,W","  250",",,W","13.0",",,W","19.0",",,W","    1",",,W",,,,,,,,,,
"USW00094728","NY CITY CENTRAL PARK, NY US","40.77898","-73.96925","42.7","2018-01-29","9.17",",,W",,,"0.00","T,,W,2400","0.1",",,W,2400","0.0",",,W,2400",,,"47",",,W","35",",,W",,,"   60",",,W","   50",",,W","21.0",",,W","28.0",",,W",,,,,,,,,,,"    1",",,W"
"USW00094728","NY CITY CENTRAL PARK, NY US","40.77898","-73.96925","42.7","2018-01-30","7.61",",,W",,,"0.11",",,W,2400","0.9",",,W,2400","0.0",",,W,2400",,,"36",",,W","24",",,W",,,"  310",",,W","  300",",,W","17.0",",,W","31.1",",,W","    1",",,W",,,,,,,,,"    1",",,W"
"USW00094728","NY CITY CENTRAL PARK, NY US","40.77898","-73.96925","42.7","2018-01-31","6.71",",,W",,,"0.00",",,W,2400","0.0",",,W,2400","0.0",",,W,2400",,,"33",",,W","18",",,W",,,"  250",",,W","  240",",,W","15.0",",,W","27.1",",,W",,,,,,,,,,,"    1",",,W"
"USW00094728","NY CITY CENTRAL PARK, NY US","40.77898","-73.96925","42.7","2018-02-01","3.80",",,W",,,"0.05",",,W,2400","0.0",",,W,2400","0.0",",,W,2400",,,"45",",,W","32",",,W",,,"  250",",,W","  250",",,W","13.0",",,W","21.0",",,W",,,,,,,,,,,,
"USW00094728","NY CITY CENTRAL PARK, NY US","40.77898","-73.96925","42.7","2018-02-02","9.17",",,W",,,"0.18",",,W,2400","0.0","T,,W,2400","0.0",",,W,2400",,,"41",",,W","17",",,W",,,"  290",",,W","  280",",,W","19.9",",,W","33.1",",,W","    1",",,W",,,,,,,,,,
"USW00094728","NY CITY CENTRAL PARK, NY US","40.77898","-73.96925","42.7","2018-02-03","7.61",",,W",,,"0.00",",,W,2400","0.0",",,W,2400","0.0",",,W,2400",,,"31",",,W","16",",,W",,,"  230",",,W","  270",",,W","16.1",",,W","28.0",",,W",,,,,,,,,,,,
"USW00094728","NY CITY CENTRAL PARK, NY US","40.77898","-73.96925","42.7","2018-02-04","4.03",",,W",,,"0.96",",,W,2400","0.0","T,,W,2400","0.0",",,W,2400",,,"46",",,W","30",",,W",,,"  230",",,W","  240",",,W","14.1",",,W","23.0",",,W","    1",",,W",,,,,,,,,"    1",",,W"
"USW00094728","NY CITY CENTRAL PARK, NY US","40.77898","-73.96925","42.7","2018-02-05","7.61",",,W",,,"0.00","T,,W,2400","0.0",",,W,2400","0.0",",,W,2400",,,"40",",,W","26",",,W",,,"  310",",,W","  280",",,W","17.0",",,W","30.0",",,W","    1",",,W",,,,,,,,,,
"USW00094728","NY CITY CENTRAL PARK, NY US","40.77898","-73.96925","42.7","2018-02-06","4.03",",,W",,,"0.00",",,W,2400","0.0",",,W,2400","0.0",",,W,2400",,,"37",",,W","26",",,W",,,"  260",",,W","  260",",,W","14.1",",,W","19.0",",,W",,,,,,,,,,,,
"USW00094728","NY CITY CENTRAL PARK, NY US","40.77898","-73.96925","42.7","2018-02-07","6.71",",,W",,,"0.85",",,W,2400","0.5",",,W,2400","0.0",",,W,2400",,,"45",",,W","30",",,W",,,"  310",",,W","  310",",,W","17.0",",,W","28.0",",,W","    1",",,W","    1",",,W",,,,,"    1",",,W","    1",",,W"
"USW00094728","NY CITY CENTRAL PARK, NY US","40.77898","-73.96925","42.7","2018-02-08","6.71",",,W",,,"0.00",",,W,2400","0.0",",,W,2400","0.0",",,W,2400",,,"33",",,W","25",",,W",,,"  310",",,W","  310",",,W","18.1",",,W","27.1",",,W",,,,,,,,,,,,
"USW00094728","NY CITY CENTRAL PARK, NY US","40.77898","-73.96925","42.7","2018-02-09","4.92",",,W",,,"0.00",",,W,2400","0.0",",,W,2400","0.0",",,W,2400",,,"39",",,W","26",",,W",,,"  160",",,W","  300",",,W","13.0",",,W","21.0",",,W",,,,,,,,,,,,
"USW00094728","NY CITY CENTRAL PARK, NY US","40.77898","-73.96925","42.7","2018-02-10","2.24",",,W",,,"0.58",",,W,2400","0.0",",,W,2400","0.0",",,W,2400",,,"50",",,W","39",",,W",,,"  180",",,W","  200",",,W","8.1",",,W","14.1",",,W","    1",",,W",,,,,,,,,,
"USW00094728","NY CITY CENTRAL PARK, NY US","40.77898","-73.96925","42.7","2018-02-11","3.13",",,W",,,"1.21",",,W,2400","0.0",",,W,2400","0.0",",,W,2400",,,"62",",,W","45",",,W",,,"  180",",,W","  160",",,W","10.1",",,W","17.0",",,W","    1",",,W",,,,,,,,,,
"USW00094728","NY CITY CENTRAL PARK, NY US","40.77898","-73.96925","42.7","2018-02-12","7.16",",,W",,,"0.00",",,W,2400","0.0",",,W,2400","0.0",",,W,2400",,,"62",",,W","32",",,W",,,"  360",",,W","  300",",,W","15.0",",,W","21.9",",,W",,,,,,,,,,,,
"USW00094728","NY CITY CENTRAL PARK, NY US","40.77898","-73.96925","42.7","2018-02-13","5.59",",,W",,,"0.00",",,W,2400","0.0",",,W,2400","0.0",",,W,2400",,,"38",",,W","26",",,W",,,"  360",",,W","   10",",,W","15.0",",,W","21.0",",,W",,,,,,,,,,,,
"USW00094728","NY CITY CENTRAL PARK, NY US","40.77898","-73.96925","42.7","2018-02-14","5.37",",,W",,,"0.08",",,W,2400","0.0",",,W,2400","0.0",",,W,2400",,,"53",",,W","35",",,W",,,"  250",",,W","  240",",,W","14.1",",,W","19.9",",,W",,,,,,,,,,,,
"USW00094728","NY CITY CENTRAL PARK, NY US","40.77898","-73.96925","42.7","2018-02-15","5.14",",,W",,,"0.16",",,W,2400","0.0",",,W,2400","0.0",",,W,2400",,,"62",",,W","46",",,W",,,"  250",",,W","  250",",,W","13.0",",,W","21.0",",,W","    1",",,W",,,,,,,,,"    1",",,W"
"USW00094728","NY CITY CENTRAL PARK, NY US","40.77898","-73.96925","42.7","2018-02-16","6.93",",,W",,,"0.09",",,W,2400","0.0",",,W,2400","0.0",",,W,2400",,,"58",",,W","36",",,W",,,"  320",",,W","  300",",,W","19.9",",,W","36.9",",,W","    1",",,W",,,,,,,,,,
"USW00094728","NY CITY CENTRAL PARK, NY US","40.77898","-73.96925","42.7","2018-02-17","4.47",",,W",,,"0.52",",,W,2400","4.4",",,W,2400","0.0",",,W,2400",,,"40",",,W","28",",,W",,,"  170",",,W","  310",",,W","15.0",",,W","21.0",",,W","    1",",,W",,,,,,,,,"    1",",,W"
"USW00094728","NY CITY CENTRAL PARK, NY US","40.77898","-73.96925","42.7","2018-02-18","5.82",",,W",,,"0.01",",,W,2400","0.0","T,,W,2400","3.1",",,W,2400",,,"44",",,W","33",",,W",,,"  310",",,W","  320",",,W","14.1",",,W","27.1",",,W","    1",",,W",,,,,,,,,,
"USW00094728","NY CITY CENTRAL PARK, NY US","40.77898","-73.96925","42.7","2018-02-19","4.25",",,W",,,"0.04",",,W,2400","0.0",",,W,2400","0.0",",,W,2400",,,"49",",,W","36",",,W",,,"  160",",,W","  190",",,W","12.1",",,W","18.1",",,W","    1",",,W",,,,,,,,,,
"USW00094728","NY CITY CENTRAL PARK, NY US","40.77898","-73.96925","42.7","2018-02-20","6.04",",,W",,,"0.00",",,W,2400","0.0",",,W,2400","0.0",",,W,2400",,,"67",",,W","47",",,W",,,"  260",",,W","  260",",,W","15.0",",,W","21.0",",,W","    1",",,W",,,,,,,,,,
"USW00094728","NY CITY CENTRAL PARK, NY US","40.77898","-73.96925","42.7","2018-02-21","5.82",",,W",,,"0.06",",,W,2400","0.0",",,W,2400","0.0",",,W,2400",,,"78",",,W","55",",,W",,,"  250",",,W","  240",",,W","15.0",",,W","25.9",",,W","    1",",,W",,,,,,,,,,
"USW00094728","NY CITY CENTRAL PARK, NY US","40.77898","-73.96925","42.7","2018-02-22","8.28",",,W",,,"0.17",",,W,2400","0.0",",,W,2400","0.0",",,W,2400",,,"59",",,W","37",",,W",,,"   50",",,W","   10",",,W","16.1",",,W","23.0",",,W","    1",",,W",,,,,,,,,,
"USW00094728","NY CITY CENTRAL PARK, NY US","40.77898","-73.96925","42.7","2018-02-23","6.26",",,W",,,"0.06",",,W,2400","0.0",",,W,2400","0.0",",,W,2400",,,"42",",,W","36",",,W",,,"  250",",,W","  260",",,W","14.1",",,W","21.0",",,W","    1",",,W",,,,,,,,,,
"USW00094728","NY CITY CENTRAL PARK, NY US","40.77898","-73.96925","42.7","2018-02-24","5.37",",,W",,,"0.08",",,W,2400","0.0",",,W,2400","0.0",",,W,2400",,,"55",",,W","42",",,W",,,"  260",",,W","  270",",,W","14.1",",,W","21.9",",,W","    1",",,W",,,,,,,,,,
"USW00094728","NY CITY CENTRAL PARK, NY US","40.77898","-73.96925","42.7","2018-02-25","6.26",",,W",,,"0.73",",,W,2400","0.0",",,W,2400","0.0",",,W,2400",,,"44",",,W","40",",,W",,,"   50",",,W","   60",",,W","16.1",",,W","23.9",",,W","    1",",,W",,,,,,,,,,
"USW00094728","NY CITY CENTRAL PARK, NY US","40.77898","-73.96925","42.7","2018-02-26","4.47",",,W",,,"0.00",",,W,2400","0.0",",,W,2400","0.0",",,W,2400",,,"52",",,W","43",",,W",,,"  270",",,W","  300",",,W","10.1",",,W","18.1",",,W","    1",",,W",,,,,,,,,,
"USW00094728","NY CITY CENTRAL PARK, NY US","40.77898","-73.96925","42.7","2018-02-27","4.47",",,W",,,"0.00",",,W,2400","0.0",",,W,2400","0.0",",,W,2400",,,"56",",,W","39",",,W",,,"  240",",,W","  250",",,W","14.1",",,W","21.9",",,W",,,,,,,,,,,,
"USW00094728","NY CITY CENTRAL PARK, NY US","40.77898","-73.96925","42.7","2018-02-28","5.14",",,W",,,"0.00",",,W,2400","0.0",",,W,2400","0.0",",,W,2400",,,"61",",,W","42",",,W",,,"  260",",,W","  250",",,W","15.0",",,W","25.9",",,W",,,,,,,,,,,,
"USW00094728","NY CITY CENTRAL PARK, NY US","40.77898","-73.96925","42.7","2018-03-01","5.14",",,W",,,"0.38",",,W,2400","0.0",",,W,2400","0.0",",,W,2400",,,"60",",,W","44",",,W",,,"   70",",,W","   60",",,W","13.0",",,W","17.0",",,W","    1",",,W",,,,,,,,,,
"USW00094728","NY CITY CENTRAL PARK, NY US","40.77898","-73.96925","42.7","2018-03-02","10.51",",,W",,,"1.86",",,W,2400","0.0","T,,W,2400","0.0",",,W,2400",,,"44",",,W","34",",,W",,,"   50",",,W","  360",",,W","21.0",",,W","35.1",",,W","    1",",,W",,,,,,,,,,
"USW00094728","NY CITY CENTRAL PARK, NY US","40.77898","-73.96925","42.7","2018-03-03","11.18",",,W",,,"0.00",",,W,2400","0.0",",,W,2400","0.0",",,W,2400",,,"49",",,W","36",",,W",,,"   30",",,W","   30",",,W","25.1",",,W","42.9",",,W",,,,,,,,,,,"    1",",,W"
"USW00094728","NY CITY CENTRAL PARK, NY US","40.77898","-73.96925","42.7","2018-03-04","9.62",",,W",,,"0.00",",,W,2400","0.0",",,W,2400","0.0",",,W,2400",,,"44",",,W","34",",,W",,,"   20",",,W","   10",",,W","21.9",",,W","31.1",",,W",,,,,,,,,,,,
"USW00094728","NY CITY CENTRAL PARK, NY US","40.77898","-73.96925","42.7","2018-03-05","7.16",",,W",,,"0.00",",,W,2400","0.0",",,W,2400","0.0",",,W,2400",,,"43",",,W","33",",,W",,,"   40",",,W","   40",",,W","16.1",",,W","25.1",",,W",,,,,,,,,,,,
"USW00094728","NY CITY CENTRAL PARK, NY US","40.77898","-73.96925","42.7","2018-03-06","4.70",",,W",,,"0.00","T,,W,2400","0.0",",,W,2400","0.0",",,W,2400",,,"47",",,W","32",",,W",,,"  160",",,W","  170",",,W","15.0",",,W","23.0",",,W",,,,,,,,,,,,
"USW00094728","NY CITY CENTRAL PARK, NY US","40.77898","-73.96925","42.7","2018-03-07","10.07",",,W",,,"1.41",",,W,2400","3.2",",,W,2400","0.0",",,W,2400",,,"39",",,W","33",",,W",,,"   60",",,W","   70",",,W","21.9",",,W","35.1",",,W","    1",",,W","    1",",,W",,,,,,,,
"USW00094728","NY CITY CENTRAL PARK, NY US","40.77898","-73.96925","42.7","2018-03-08","6.04",",,W",,,"0.00","T,,W,2400","0.0","T,,W,2400","3.1",",,W,2400",,,"39",",,W","33",",,W",,,"  280",",,W","  280",",,W","14.1",",,W","21.0",",,W",,,,,,,,,,,,
"USW00094728","NY CITY CENTRAL PARK, NY US","40.77898","-73.96925","42.7","2018-03-09","7.83",",,W",,,"0.00",",,W,2400","0.0",",,W,2400","2.0",",,W,2400",,,"42",",,W","30",",,W",,,"  270",",,W","  260",",,W","17.0",",,W","25.9",",,W",,,,,,,,,,,,
"USW00094728","NY CITY CENTRAL PARK, NY US","40.77898","-73.96925","42.7","2018-03-10","8.50",",,W",,,"0.00",",,W,2400","0.0",",,W,2400","0.0","T,,W,2400",,,"40",",,W","31",",,W",,,"  280",",,W","  270",",,W","17.0",",,W","25.1",",,W",,,,,,,,,,,,
"USW00094728","NY CITY CENTRAL PARK, NY US","40.77898","-73.96925","42.7","2018-03-11","5.37",",,W",,,"0.00",",,W,2400","0.0",",,W,2400","0.0",",,W,2400",,,"45",",,W","32",",,W",,,"  310",",,W","  310",",,W","13.0",",,W","19.9",",,W",,,,,,,,,,,,
"USW00094728","NY CITY CENTRAL PARK, NY US","40.77898","-73.96925","42.7","2018-03-12","8.50",",,W",,,"0.08",",,W,2400","0.0","T,,W,2400","0.0",",,W,2400",,,"43",",,W","32",",,W",,,"   70",",,W","   50",",,W","17.0",",,W","23.9",",,W","    1",",,W",,,,,,,,,,
"USW00094728","NY CITY CENTRAL PARK, NY US","40.77898","-73.96925","42.7","2018-03-13","8.50",",,W",,,"0.28",",,W,2400","0.0","T,,W,2400","0.0","T,,W,2400",,,"40",",,W","33",",,W",,,"  290",",,W","  280",",,W","16.1",",,W","28.0",",,W","    1",",,W",,,,,,,,,,
"USW00094728","NY CITY CENTRAL PARK, NY US","40.77898","-73.96925","42.7","2018-03-14","10.96",",,W",,,"0.01",",,W,2400","0.0","T,,W,2400","0.0",",,W,2400",,,"41",",,W","31",",,W",,,"  260",",,W","  250",",,W","19.9",",,W","31.1",",,W","    1",",,W",,,,,,,,,,
"USW00094728","NY CITY CENTRAL PARK, NY US","40.77898","-73.96925","42.7","2018-03-15","10.07",",,W",,,"0.00",",,W,2400","0.0",",,W,2400","0.0",",,W,2400",,,"48",",,W","32",",,W",,,"  250",",,W","  280",",,W","17.0",",,W","31.1",",,W",,,,,,,,,,,,
"USW00094728","NY CITY CENTRAL PARK, NY US","40.77898","-73.96925","42.7","2018-03-16","9.84",",,W",,,"0.00",",,W,2400","0.0",",,W,2400","0.0",",,W,2400",,,"40",",,W","30",",,W",,,"  280",",,W","  280",",,W","19.9",",,W","42.1",",,W",,,,,,,,,,,,
"USW00094728","NY CITY CENTRAL PARK, NY US","40.77898","-73.96925","42.7","2018-03-17","7.61",",,W",,,"0.00",",,W,2400","0.0",",,W,2400","0.0",",,W,2400",,,"48",",,W","27",",,W",,,"  280",",,W","  280",",,W","17.0",",,W","27.1",",,W",,,,,,,,,,,,
"USW00094728","NY CITY CENTRAL PARK, NY US","40.77898","-73.96925","42.7","2018-03-18","6.26",",,W",,,"0.00",",,W,2400","0.0",",,W,2400","0.0",",,W,2400",,,"43",",,W","28",",,W",,,"  310",",,W","  310",",,W","16.1",",,W","25.9",",,W",,,,,,,,,,,,
"USW00094728","NY CITY CENTRAL PARK, NY US","40.77898","-73.96925","42.7","2018-03-19","5.82",",,W",,,"0.00",",,W,2400","0.0",",,W,2400","0.0",",,W,2400",,,"47",",,W","33",",,W",,,"   50",",,W","   20",",,W","13.0",",,W","18.1",",,W",,,,,,,,,,,,
"USW00094728","NY CITY CENTRAL PARK, NY US","40.77898","-73.96925","42.7","2018-03-20","8.95",",,W",,,"0.00","T,,W,2400","0.0",",,W,2400","0.0",",,W,2400",,,"39",",,W","30",",,W",,,"   70",",,W","   60",",,W","16.1",",,W","23.0",",,W",,,,,,,,,,,,
"USW00094728","NY CITY CENTRAL PARK, NY US","40.77898","-73.96925","42.7","2018-03-21","10.74",",,W",,,"0.99",",,W,2400","8.2",",,W,2400","0.0",",,W,2400",,,"39",",,W","31",",,W",,,"   50",",,W","   60",",,W","21.9",",,W","33.1",",,W","    1",",,W","    1",",,W",,,,,,,,
"USW00094728","NY CITY CENTRAL PARK, NY US","40.77898","-73.96925","42.7","2018-03-22","6.71",",,W",,,"0.06",",,W,2400","0.2",",,W,2400","7.9",",,W,2400",,,"50",",,W","32",",,W",,,"  310",",,W","  320",",,W","14.1",",,W","23.0",",,W","    1",",,W",,,,,,,,,"    1",",,W"
"USW00094728","NY CITY CENTRAL PARK, NY US","40.77898","-73.96925","42.7","2018-03-23","5.59",",,W",,,"0.00","T,,W,2400","0.0",",,W,2400","1.2",",,W,2400",,,"49",",,W","35",",,W",,,"   20",",,W","  350",",,W","14.1",",,W","21.0",",,W",,,,,,,,,,,,
"USW00094728","NY CITY CENTRAL PARK, NY US","40.77898","-73.96925","42.7","2018-03-24","6.04",",,W",,,"0.00",",,W,2400","0.0",",,W,2400","0.0",",,W,2400",,,"51",",,W","35",",,W",,,"   40",",,W","   10",",,W","12.1",",,W","19.0",",,W",,,,,,,,,,,,
"USW00094728","NY CITY CENTRAL PARK, NY US","40.77898","-73.96925","42.7","2018-03-25","8.28",",,W",,,"0.00",",,W,2400","0.0",",,W,2400","0.0",",,W,2400",,,"45",",,W","33",",,W",,,"   70",",,W","   50",",,W","19.9",",,W","29.1",",,W",,,,,,,,,,,,
"USW00094728","NY CITY CENTRAL PARK, NY US","40.77898","-73.96925","42.7","2018-03-26","5.82",",,W",,,"0.00",",,W,2400","0.0",",,W,2400","0.0",",,W,2400",,,"50",",,W","34",",,W",,,"   50",",,W","   60",",,W","21.0",",,W","28.0",",,W",,,,,,,,,,,,
"USW00094728","NY CITY CENTRAL PARK, NY US","40.77898","-73.96925","42.7","2018-03-27","3.36",",,W",,,"0.01",",,W,2400","0.0",",,W,2400","0.0",",,W,2400",,,"47",",,W","34",",,W",,,"   50",",,W","   60",",,W","10.1",",,W","14.1",",,W","    1",",,W",,,,,,,,,,
"USW00094728","NY CITY CENTRAL PARK, NY US","40.77898","-73.96925","42.7","2018-03-28","4.03",",,W",,,"0.03",",,W,2400","0.0",",,W,2400","0.0",",,W,2400",,,"52",",,W","38",",,W",,,"  240",",,W","  250",",,W","12.1",",,W","17.0",",,W","    1",",,W",,,,,,,,,,
"USW00094728","NY CITY CENTRAL PARK, NY US","40.77898","-73.96925","42.7","2018-03-29","2.91",",,W",,,"0.03",",,W,2400","0.0",",,W,2400","0.0",",,W,2400",,,"53",",,W","49",",,W",,,"  150",",,W","  160",",,W","8.9",",,W","16.1",",,W","    1",",,W",,,,,,,,,"    1",",,W"
"USW00094728","NY CITY CENTRAL PARK, NY US","40.77898","-73.96925","42.7","2018-03-30","4.03",",,W",,,"0.03",",,W,2400","0.0",",,W,2400","0.0",",,W,2400",,,"62",",,W","44",",,W",,,"  300",",,W","  290",",,W","15.0",",,W","23.9",",,W","    1",",,W",,,,,,,,,"    1",",,W"
"USW00094728","NY CITY CENTRAL PARK, NY US","40.77898","-73.96925","42.7","2018-03-31","6.49",",,W",,,"0.00",",,W,2400","0.0",",,W,2400","0.0",",,W,2400",,,"58",",,W","39",",,W",,,"  170",",,W","  300",",,W","16.1",",,W","25.1",",,W",,,,,,,,,,,,
"USW00094728","NY CITY CENTRAL PARK, NY US","40.77898","-73.96925","42.7","2018-04-01","6.71",",,W",,,"0.00",",,W,2400","0.0",",,W,2400","0.0",",,W,2400",,,"60",",,W","43",",,W",,,"  250",",,W","  180",",,W","14.1",",,W","25.1",",,W",,,,,,,,,,,,
"USW00094728","NY CITY CENTRAL PARK, NY US","40.77898","-73.96925","42.7","2018-04-02","5.82",",,W",,,"0.59",",,W,2400","5.5",",,W,2400","5.1",",,W,2400",,,"43",",,W","33",",,W",,,"   20",",,W","   10",",,W","16.1",",,W","21.9",",,W","    1",",,W","    1",",,W",,,,,,,,
"USW00094728","NY CITY CENTRAL PARK, NY US","40.77898","-73.96925","42.7","2018-04-03","4.70",",,W",,,"0.26",",,W,2400","0.0",",,W,2400","0.0","T,,W,2400",,,"43",",,W","39",",,W",,,"   60",",,W","   60",",,W","12.1",",,W","16.1",",,W","    1",",,W",,,,,,,,,"    1",",,W"
"USW00094728","NY CITY CENTRAL PARK, NY US","40.77898","-73.96925","42.7","2018-04-04","8.50",",,W",,,"0.04",",,W,2400","0.0",",,W,2400","0.0",",,W,2400",,,"56",",,W","40",",,W",,,"  280",",,W","  260",",,W","21.9",",,W","42.1",",,W","    1",",,W",,,,,,,,,"    1",",,W"
"USW00094728","NY CITY CENTRAL PARK, NY US","40.77898","-73.96925","42.7","2018-04-05","8.72",",,W",,,"0.00",",,W,2400","0.0",",,W,2400","0.0",",,W,2400",,,"45",",,W","34",",,W",,,"  280",",,W","  270",",,W","19.9",",,W","31.1",",,W",,,,,,,,,,,,
"USW00094728","NY CITY CENTRAL PARK, NY US","40.77898","-73.96925","42.7","2018-04-06","4.92",",,W",,,"0.11",",,W,2400","0.0",",,W,2400","0.0",",,W,2400",,,"62",",,W","37",",,W",,,"  250",",,W","  250",",,W","15.0",",,W","27.1",",,W","    1",",,W",,,,,,,,,,
"USW00094728","NY CITY CENTRAL PARK, NY US","40.77898","-73.96925","42.7","2018-04-07","7.38",",,W",,,"0.00",",,W,2400","0.0",",,W,2400","0.0",",,W,2400",,,"49",",,W","37",",,W",,,"  300",",,W","  290",",,W","16.1",",,W","23.9",",,W",,,,,,,,,,,,
"USW00094728","NY CITY CENTRAL PARK, NY US","40.77898","-73.96925","42.7","2018-04-08","8.50",",,W",,,"0.00",",,W,2400","0.0",",,W,2400","0.0",",,W,2400",,,"46",",,W","32",",,W",,,"  290",",,W","  290",",,W","18.1",",,W","30.0",",,W",,,,,,,,,,,,
"USW00094728","NY CITY CENTRAL PARK, NY US","40.77898","-73.96925","42.7","2018-04-09","5.37",",,W",,,"0.00","T,,W,2400","0.0",",,W,2400","0.0",",,W,2400",,,"49",",,W","32",",,W",,,"  310",",,W","  310",",,W","14.1",",,W","21.0",",,W",,,,,,,,,,,,
"USW00094728","NY CITY CENTRAL PARK, NY US","40.77898","-73.96925","42.7","2018-04-10","4.92",",,W",,,"0.01",",,W,2400","0.0",",,W,2400","0.0",",,W,2400",,,"51",",,W","38",",,W",,,"   10",",,W","  320",",,W","12.1",",,W","19.9",",,W","    1",",,W",,,,,,,,,"    1",",,W"
"USW00094728","NY CITY CENTRAL PARK, NY US","40.77898","-73.96925","42.7","2018-04-11","3.80",",,W",,,"0.00",",,W,2400","0.0",",,W,2400","0.0",",,W,2400",,,"51",",,W","37",",,W",,,"  170",",,W","  180",",,W","13.0",",,W","19.0",",,W",,,,,,,,,,,,
"USW00094728","NY CITY CENTRAL PARK, NY US","40.77898","-73.96925","42.7","2018-04-12","5.59",",,W",,,"0.00",",,W,2400","0.0",",,W,2400","0.0",",,W,2400",,,"63",",,W","46",",,W",,,"  250",",,W","  260",",,W","15.0",",,W","23.0",",,W",,,,,,,,,,,"    1",",,W"
"USW00094728","NY CITY CENTRAL PARK, NY US","40.77898","-73.96925","42.7","2018-04-13","5.59",",,W",,,"0.00",",,W,2400","0.0",",,W,2400","0.0",",,W,2400",,,"82",",,W","60",",,W",,,"  250",",,W","  250",",,W","18.1",",,W","31.1",",,W",,,,,,,,,,,,
"USW00094728","NY CITY CENTRAL PARK, NY US","40.77898","-73.96925","42.7","2018-04-14","7.38",",,W",,,"0.00",",,W,2400","0.0",",,W,2400","0.0",",,W,2400",,,"77",",,W","44",",,W",,,"   60",",,W","   60",",,W","21.0",",,W","27.1",",,W","    1",",,W",,,,,,,,,"    1",",,W"
"USW00094728","NY CITY CENTRAL PARK, NY US","40.77898","-73.96925","42.7","2018-04-15","12.30",",,W",,,"0.47",",,W,2400","0.0",",,W,2400","0.0",",,W,2400",,,"44",",,W","38",",,W",,,"   70",",,W","  100",",,W","21.9",",,W","32.0",",,W","    1",",,W",,,,,,,,,"    1",",,W"
"USW00094728","NY CITY CENTRAL PARK, NY US","40.77898","-73.96925","42.7","2018-04-16","11.41",",,W",,,"2.82",",,W,2400","0.0",",,W,2400","0.0",",,W,2400",,,"60",",,W","39",",,W",,,"   60",",,W","   50",",,W","28.0",",,W","44.1",",,W","    1",",,W",,,"    1",",,W",,,,,,
"USW00094728","NY CITY CENTRAL PARK, NY US","40.77898","-73.96925","42.7","2018-04-17","8.50",",,W",,,"0.00","T,,W,2400","0.0",",,W,2400","0.0",",,W,2400",,,"47",",,W","39",",,W",,,"  280",",,W","  270",",,W","17.0",",,W","29.1",",,W",,,,,,,,,,,,
"USW00094728","NY CITY CENTRAL PARK, NY US","40.77898","-73.96925","42.7","2018-04-18","6.49",",,W",,,"0.00",",,W,2400","0.0",",,W,2400","0.0",",,W,2400",,,"55",",,W","37",",,W",,,"  250",",,W","  250",",,W","18.1",",,W","27.1",",,W",,,,,,,,,,,,
"USW00094728","NY CITY CENTRAL PARK, NY US","40.77898","-73.96925","42.7","2018-04-19","7.61",",,W",,,"0.15",",,W,2400","0.0",",,W,2400","0.0",",,W,2400",,,"49",",,W","38",",,W",,,"  300",",,W","  290",",,W","18.1",",,W","29.1",",,W","    1",",,W",,,,,,,,,,
"USW00094728","NY CITY CENTRAL PARK, NY US","40.77898","-73.96925","42.7","2018-04-20","8.50",",,W",,,"0.00",",,W,2400","0.0",",,W,2400","0.0",",,W,2400",,,"50",",,W","37",",,W",,,"  310",",,W","  300",",,W","19.9",",,W","30.0",",,W",,,,,,,,,,,,
"USW00094728","NY CITY CENTRAL PARK, NY US","40.77898","-73.96925","42.7","2018-04-21","5.82",",,W",,,"0.00",",,W,2400","0.0",",,W,2400","0.0",",,W,2400",,,"63",",,W","39",",,W",,,"  280",",,W","  280",",,W","15.0",",,W","21.9",",,W",,,,,,,,,,,,
"USW00094728","NY CITY CENTRAL PARK, NY US","40.77898","-73.96925","42.7","2018-04-22","4.25",",,W",,,"0.00",",,W,2400","0.0",",,W,2400","0.0",",,W,2400",,,"67",",,W","44",",,W",,,"  180",",,W","  170",",,W","13.0",",,W","23.0",",,W",,,,,,,,,,,,
"USW00094728","NY CITY CENTRAL PARK, NY US","40.77898","-73.96925","42.7","2018-04-23","4.47",",,W",,,"0.00",",,W,2400","0.0",",,W,2400","0.0",",,W,2400",,,"68",",,W","46",",,W",,,"  160",",,W","  150",",,W","15.0",",,W","21.0",",,W",,,,,,,,,,,,
"USW00094728","NY CITY CENTRAL PARK, NY US","40.77898","-73.96925","42.7","2018-04-24","4.25",",,W",,,"0.05",",,W,2400","0.0",",,W,2400","0.0",",,W,2400",,,"66",",,W","46",",,W",,,"  170",",,W","  170",",,W","15.0",",,W","23.0",",,W","    1",",,W",,,,,,,,,,
"USW00094728","NY CITY CENTRAL PARK, NY US","40.77898","-73.96925","42.7","2018-04-25","3.80",",,W",,,"0.95",",,W,2400","0.0",",,W,2400","0.0",",,W,2400",,,"60",",,W","52",",,W",,,"  150",",,W","  150",",,W","12.1",",,W","19.9",",,W","    1",",,W",,,,,,,,,,
"USW00094728","NY CITY CENTRAL PARK, NY US","40.77898","-73.96925","42.7","2018-04-26","4.92",",,W",,,"0.10",",,W,2400","0.0",",,W,2400","0.0",",,W,2400",,,"70",",,W","55",",,W",,,"  290",",,W","  280",",,W","15.0",",,W","21.9",",,W","    1",",,W",,,,,,,,,,
"USW00094728","NY CITY CENTRAL PARK, NY US","40.77898","-73.96925","42.7","2018-04-27","2.46",",,W",,,"0.05",",,W,2400","0.0",",,W,2400","0.0",",,W,2400",,,"59",",,W","51",",,W",,,"   90",",,W","  110",",,W","10.1",",,W","17.0",",,W","    1",",,W",,,,,,,,,"    1",",,W"
"USW00094728","NY CITY CENTRAL PARK, NY US","40.77898","-73.96925","42.7","2018-04-28","3.36",",,W",,,"0.10",",,W,2400","0.0",",,W,2400","0.0",",,W,2400",,,"68",",,W","50",",,W",,,"  160",",,W","  160",",,W","14.1",",,W","23.0",",,W","    1",",,W",,,,,,,,,"    1",",,W"
"USW00094728","NY CITY CENTRAL PARK, NY US","40.77898","-73.96925","42.7","2018-04-29","5.82",",,W",,,"0.08",",,W,2400","0.0",",,W,2400","0.0",",,W,2400",,,"59",",,W","47",",,W",,,"  310",",,W","  290",",,W","15.0",",,W","25.1",",,W","    1",",,W",,,,,,,,,,
"USW00094728","NY CITY CENTRAL PARK, NY US","40.77898","-73.96925","42.7","2018-04-30","5.14",",,W",,,"0.00","T,,W,2400","0.0",",,W,2400","0.0",",,W,2400",,,"51",",,W","44",",,W",,,"  310",",,W","  320",",,W","16.1",",,W","28.0",",,W",,,,,,,,,,,,
"USW00094728","NY CITY CENTRAL PARK, NY US","40.77898","-73.96925","42.7","2018-05-01","4.25",",,W",,,"0.00",",,W,2400","0.0",",,W,2400","0.0",",,W,2400",,,"80",",,W","48",",,W",,,"  320",",,W","  330",",,W","14.1",",,W","21.0",",,W",,,,,,,,,,,,
"USW00094728","NY CITY CENTRAL PARK, NY US","40.77898","-73.96925","42.7","2018-05-02","5.37",",,W",,,"0.00",",,W,2400","0.0",",,W,2400","0.0",",,W,2400",,,"90",",,W","65",",,W",,,"  250",",,W","  260",",,W","16.1",",,W","31.1",",,W",,,,,,,,,,,,
"USW00094728","NY CITY CENTRAL PARK, NY US","40.77898","-73.96925","42.7","2018-05-03","5.37",",,W",,,"0.02",",,W,2400","0.0",",,W,2400","0.0",",,W,2400",,,"92",",,W","70",",,W",,,"  250",",,W","  250",",,W","15.0",",,W","28.0",",,W","    1",",,W",,,,,,,,,,
"USW00094728","NY CITY CENTRAL PARK, NY US","40.77898","-73.96925","42.7","2018-05-04","3.58",",,W",,,"0.00","T,,W,2400","0.0",",,W,2400","0.0",",,W,2400",,,"84",",,W","72",",,W",,,"  280",",,W","  250",",,W","18.1",",,W","30.0",",,W",,,,,,,,,,,"    1",",,W"
"USW00094728","NY CITY CENTRAL PARK, NY US","40.77898","-73.96925","42.7","2018-05-05","4.92",",,W",,,"0.00","T,,W,2400","0.0",",,W,2400","0.0",",,W,2400",,,"76",",,W","61",",,W",,,"  310",",,W","  290",",,W","14.1",",,W","25.9",",,W",,,,,,,,,,,,
"USW00094728","NY CITY CENTRAL PARK, NY US","40.77898","-73.96925","42.7","2018-05-06","3.80",",,W",,,"0.00","T,,W,2400","0.0",",,W,2400","0.0",",,W,2400",,,"66",",,W","56",",,W",,,"   70",",,W","   70",",,W","14.1",",,W","21.9",",,W",,,,,,,,,,,,
"USW00094728","NY CITY CENTRAL PARK, NY US","40.77898","-73.96925","42.7","2018-05-07","2.01",",,W",,,"0.00",",,W,2400","0.0",",,W,2400","0.0",",,W,2400",,,"77",",,W","54",",,W",,,"  160",",,W","  180",",,W","10.1",",,W","16.1",",,W",,,,,,,,,,,,
"USW00094728","NY CITY CENTRAL PARK, NY US","40.77898","-73.96925","42.7","2018-05-08","1.79",",,W",,,"0.00",",,W,2400","0.0",",,W,2400","0.0",",,W,2400",,,"74",",,W","53",",,W",,,"  170",",,W","  160",",,W","8.1",",,W","14.1",",,W",,,,,,,,,,,,
"USW00094728","NY CITY CENTRAL PARK, NY US","40.77898","-73.96925","42.7","2018-05-09","2.24",",,W",,,"0.00",",,W,2400","0.0",",,W,2400","0.0",",,W,2400",,,"77",",,W","54",",,W",,,"  150",",,W","  150",",,W","10.1",",,W","18.1",",,W","    1",",,W",,,,,,,,,"    1",",,W"
"USW00094728","NY CITY CENTRAL PARK, NY US","40.77898","-73.96925","42.7","2018-05-10","2.68",",,W",,,"0.25",",,W,2400","0.0",",,W,2400","0.0",",,W,2400",,,"66",",,W","54",",,W",,,"  180",",,W","  180",",,W","8.9",",,W","17.0",",,W","    1",",,W",,,,,,,,,,
"USW00094728","NY CITY CENTRAL PARK, NY US","40.77898","-73.96925","42.7","2018-05-11","3.58",",,W",,,"0.00","T,,W,2400","0.0",",,W,2400","0.0",",,W,2400",,,"73",",,W","60",",,W",,,"  310",",,W","  310",",,W","13.0",",,W","19.0",",,W",,,,,,,,,,,,
"USW00094728","NY CITY CENTRAL PARK, NY US","40.77898","-73.96925","42.7","2018-05-12","3.58",",,W",,,"0.22",",,W,2400","0.0",",,W,2400","0.0",",,W,2400",,,"63",",,W","51",",,W",,,"  350",",,W","  340",",,W","12.1",",,W","17.0",",,W","    1",",,W",,,,,,,,,,
"USW00094728","NY CITY CENTRAL PARK, NY US","40.77898","-73.96925","42.7","2018-05-13","2.46",",,W",,,"0.10",",,W,2400","0.0",",,W,2400","0.0",",,W,2400",,,"54",",,W","52",",,W",,,"   70",",,W","  110",",,W","10.1",",,W","14.1",",,W","    1",",,W",,,,,,,,,,
"USW00094728","NY CITY CENTRAL PARK, NY US","40.77898","-73.96925","42.7","2018-05-14","1.34",",,W",,,"0.03",",,W,2400","0.0",",,W,2400","0.0",",,W,2400",,,"71",",,W","52",",,W",,,"  150",",,W","  150",",,W","8.9",",,W","13.0",",,W","    1",",,W",,,,,,,,,"    1",",,W"
"USW00094728","NY CITY CENTRAL PARK, NY US","40.77898","-73.96925","42.7","2018-05-15","2.68",",,W",,,"0.58",",,W,2400","0.0",",,W,2400","0.0",",,W,2400",,,"88",",,W","61",",,W",,,"  300",",,W","  290",",,W","15.0",",,W","30.0",",,W","    1",",,W",,,,,,,,,"    1",",,W"
"USW00094728","NY CITY CENTRAL PARK, NY US","40.77898","-73.96925","42.7","2018-05-16","2.46",",,W",,,"0.34",",,W,2400","0.0",",,W,2400","0.0",",,W,2400",,,"64",",,W","56",",,W",,,"  110",",,W","  110",",,W","8.9",",,W","15.0",",,W","    1",",,W",,,,,,,,,,
"USW00094728","NY CITY CENTRAL PARK, NY US","40.77898","-73.96925","42.7","2018-05-17","1.12",",,W",,,"0.22",",,W,2400","0.0",",,W,2400","0.0",",,W,2400",,,"71",",,W","56",",,W",,,"  250",",,W","  250",",,W","8.1",",,W","10.1",",,W","    1",",,W",,,,,,,,,"    1",",,W"
"USW00094728","NY CITY CENTRAL PARK, NY US","40.77898","-73.96925","42.7","2018-05-18","5.82",",,W",,,"0.00",",,W,2400","0.0",",,W,2400","0.0",",,W,2400",,,"67",",,W","56",",,W",,,"   70",",,W","   70",",,W","16.1",",,W","25.1",",,W","    1",",,W",,,,,,,,,,
"USW00094728","NY CITY CENTRAL PARK, NY US","40.77898","-73.96925","42.7","2018-05-19","4.03",",,W",,,"0.65",",,W,2400","0.0",",,W,2400","0.0",",,W,2400",,,"56",",,W","49",",,W",,,"   70",",,W","   70",",,W","14.1",",,W","21.9",",,W","    1",",,W",,,,,,,,,,
"USW00094728","NY CITY CENTRAL PARK, NY US","40.77898","-73.96925","42.7","2018-05-20","3.80",",,W",,,"0.00","T,,W,2400","0.0",",,W,2400","0.0",",,W,2400",,,"81",",,W","56",",,W",,,"  260",",,W","  260",",,W","13.0",",,W","21.0",",,W","    1",",,W",,,,,,,,,,
"USW00094728","NY CITY CENTRAL PARK, NY US","40.77898","-73.96925","42.7","2018-05-21","2.46",",,W",,,"0.00",",,W,2400","0.0",",,W,2400","0.0",",,W,2400",,,"79",",,W","58",",,W",,,"  240",",,W","  240",",,W","10.1",",,W","17.0",",,W",,,,,,,,,,,,
"USW00094728","NY CITY CENTRAL PARK, NY US","40.77898","-73.96925","42.7","2018-05-22","0.89",",,W",,,"0.29",",,W,2400","0.0",",,W,2400","0.0",",,W,2400",,,"68",",,W","55",",,W",,,"  160",",,W","  160",",,W","8.9",",,W","15.0",",,W","    1",",,W",,,,,,,,,,
"USW00094728","NY CITY CENTRAL PARK, NY US","40.77898","-73.96925","42.7","2018-05-23","2.46",",,W",,,"0.29",",,W,2400","0.0",",,W,2400","0.0",",,W,2400",,,"81",",,W","59",",,W",,,"  300",",,W","  290",",,W","8.9",",,W","15.0",",,W","    1",",,W",,,,,,,,,,
"USW00094728","NY CITY CENTRAL PARK, NY US","40.77898","-73.96925","42.7","2018-05-24","2.91",",,W",,,"0.00",",,W,2400","0.0",",,W,2400","0.0",",,W,2400",,,"83",",,W","63",",,W",,,"  240",",,W","  260",",,W","12.1",",,W","21.0",",,W",,,,,,,,,,,,
"USW00094728","NY CITY CENTRAL PARK, NY US","40.77898","-73.96925","42.7","2018-05-25","5.14",",,W",,,"0.00",",,W,2400","0.0",",,W,2400","0.0",",,W,2400",,,"86",",,W","65",",,W",,,"  260",",,W","  260",",,W","14.1",",,W","27.1",",,W",,,,,,,,,,,,
"USW00094728","NY CITY CENTRAL PARK, NY US","40.77898","-73.96925","42.7","2018-05-26","2.01",",,W",,,"0.00",",,W,2400","0.0",",,W,2400","0.0",",,W,2400",,,"89",",,W","72",",,W",,,"  250",",,W","  240",",,W","14.1",",,W","19.9",",,W",,,,,,,,,,,,
"USW00094728","NY CITY CENTRAL PARK, NY US","40.77898","-73.96925","42.7","2018-05-27","8.28",",,W",,,"0.44",",,W,2400","0.0",",,W,2400","0.0",",,W,2400",,,"80",",,W","56",",,W",,,"   70",",,W","   70",",,W","16.1",",,W","27.1",",,W","    1",",,W",,,,,,,,,,
"USW00094728","NY CITY CENTRAL PARK, NY US","40.77898","-73.96925","42.7","2018-05-28","1.79",",,W",,,"0.00",",,W,2400","0.0",",,W,2400","0.0",",,W,2400",,,"69",",,W","56",",,W",,,"   70",",,W","   70",",,W","8.9",",,W","14.1",",,W",,,,,,,,,,,,
"USW00094728","NY CITY CENTRAL PARK, NY US","40.77898","-73.96925","42.7","2018-05-29","1.12",",,W",,,"0.00",",,W,2400","0.0",",,W,2400","0.0",",,W,2400",,,"89",",,W","63",",,W",,,"  250",",,W","  250",",,W","8.1",",,W","13.0",",,W","    1",",,W",,,,,,,,,"    1",",,W"
"USW00094728","NY CITY CENTRAL PARK, NY US","40.77898","-73.96925","42.7","2018-05-30","2.24",",,W",,,"0.00",",,W,2400","0.0",",,W,2400","0.0",",,W,2400",,,"78",",,W","61",",,W",,,"  140",",,W","  180",",,W","8.9",",,W","16.1",",,W","    1",",,W",,,,,,,,,"    1",",,W"
"USW00094728","NY CITY CENTRAL PARK, NY US","40.77898","-73.96925","42.7","2018-05-31","2.01",",,W",,,"0.10",",,W,2400","0.0",",,W,2400","0.0",",,W,2400",,,"68",",,W","63",",,W",,,"  160",",,W","  160",",,W","8.1",",,W","13.0",",,W","    1",",,W",,,,,,,,,"    1",",,W"
"USW00094728","NY CITY CENTRAL PARK, NY US","40.77898","-73.96925","42.7","2018-06-01","0.89",",,W",,,"0.27",",,W,2400","0.0",",,W,2400","0.0",",,W,2400",,,"81",",,W","65",",,W",,,"  310",",,W","  290",",,W","6.9",",,W","15.0",",,W","    1",",,W",,,,,,,,,"    1",",,W"
"USW00094728","NY CITY CENTRAL PARK, NY US","40.77898","-73.96925","42.7","2018-06-02","3.80",",,W",,,"0.08",",,W,2400","0.0",",,W,2400","0.0",",,W,2400",,,"87",",,W","66",",,W",,,"   30",",,W","   40",",,W","14.1",",,W","23.0",",,W","    1",",,W",,,,,,,,,"    1",",,W"
"USW00094728","NY CITY CENTRAL PARK, NY US","40.77898","-73.96925","42.7","2018-06-03","5.82",",,W",,,"0.25",",,W,2400","0.0",",,W,2400","0.0",",,W,2400",,,"66",",,W","51",",,W",,,"  110",",,W","  130",",,W","14.1",",,W","23.0",",,W","    1",",,W",,,,,,,,,,
"USW00094728","NY CITY CENTRAL PARK, NY US","40.77898","-73.96925","42.7","2018-06-04","3.80",",,W",,,"0.16",",,W,2400","0.0",",,W,2400","0.0",",,W,2400",,,"71",",,W","51",",,W",,,"   60",",,W","   60",",,W","12.1",",,W","18.1",",,W","    1",",,W",,,,,,,,,,
"USW00094728","NY CITY CENTRAL PARK, NY US","40.77898","-73.96925","42.7","2018-06-05","3.80",",,W",,,"0.00","T,,W,2400","0.0",",,W,2400","0.0",",,W,2400",,,"75",",,W","58",",,W",,,"  280",",,W","  270",",,W","15.0",",,W","25.1",",,W","    1",",,W",,,,,,,,,,
"USW00094728","NY CITY CENTRAL PARK, NY US","40.77898","-73.96925","42.7","2018-06-06","2.68",",,W",,,"0.00",",,W,2400","0.0",",,W,2400","0.0",",,W,2400",,,"71",",,W","58",",,W",,,"   20",",,W","  170",",,W","8.1",",,W","13.0",",,W",,,,,,,,,,,,
"USW00094728","NY CITY CENTRAL PARK, NY US","40.77898","-73.96925","42.7","2018-06-07","2.46",",,W",,,"0.00",",,W,2400","0.0",",,W,2400","0.0",",,W,2400",,,"71",",,W","60",",,W",,,"  170",",,W","  160",",,W","8.9",",,W","17.0",",,W",,,,,,,,,,,,
"USW00094728","NY CITY CENTRAL PARK, NY US","40.77898","-73.96925","42.7","2018-06-08","2.91",",,W",,,"0.00",",,W,2400","0.0",",,W,2400","0.0",",,W,2400",,,"82",",,W","60",",,W",,,"  250",",,W","  250",",,W","8.9",",,W","16.1",",,W",,,,,,,,,,,,
"USW00094728","NY CITY CENTRAL PARK, NY US","40.77898","-73.96925","42.7","2018-06-09","1.79",",,W",,,"0.00",",,W,2400","0.0",",,W,2400","0.0",",,W,2400",,,"83",",,W","67",",,W",,,"   40",",,W","   30",",,W","8.1",",,W","15.0",",,W",,,,,,,,,,,,
"USW00094728","NY CITY CENTRAL PARK, NY US","40.77898","-73.96925","42.7","2018-06-10","1.12",",,W",,,"0.01",",,W,2400","0.0",",,W,2400","0.0",",,W,2400",,,"73",",,W","58",",,W",,,"   80",",,W","  100",",,W","8.9",",,W","16.1",",,W",,,,,,,,,,,,
"USW00094728","NY CITY CENTRAL PARK, NY US","40.77898","-73.96925","42.7","2018-06-11","3.13",",,W",,,"0.00",",,W,2400","0.0",",,W,2400","0.0",",,W,2400",,,"73",",,W","58",",,W",,,"  150",",,W","  170",",,W","8.9",",,W","17.0",",,W",,,,,,,,,,,,
"USW00094728","NY CITY CENTRAL PARK, NY US","40.77898","-73.96925","42.7","2018-06-12","3.36",",,W",,,"0.00",",,W,2400","0.0",",,W,2400","0.0",",,W,2400",,,"75",",,W","57",",,W",,,"  190",",,W","  160",",,W","10.1",",,W","19.0",",,W",,,,,,,,,,,,
"USW00094728","NY CITY CENTRAL PARK, NY US","40.77898","-73.96925","42.7","2018-06-13","3.58",",,W",,,"0.04",",,W,2400","0.0",",,W,2400","0.0",",,W,2400",,,"78",",,W","63",",,W",,,"  260",",,W","  260",",,W","12.1",",,W","18.1",",,W","    1",",,W",,,,,,,,,"    1",",,W"
"USW00094728","NY CITY CENTRAL PARK, NY US","40.77898","-73.96925","42.7","2018-06-14","6.93",",,W",,,"0.00","T,,W,2400","0.0",",,W,2400","0.0",",,W,2400",,,"84",",,W","67",",,W",,,"  300",",,W","  290",",,W","15.0",",,W","27.1",",,W",,,,,,,,,,,,
"USW00094728","NY CITY CENTRAL PARK, NY US","40.77898","-73.96925","42.7","2018-06-15","3.13",",,W",,,"0.00",",,W,2400","0.0",",,W,2400","0.0",",,W,2400",,,"76",",,W","63",",,W",,,"  300",",,W","  290",",,W","13.0",",,W","19.9",",,W",,,,,,,,,,,"    1",",,W"
"USW00094728","NY CITY CENTRAL PARK, NY US","40.77898","-73.96925","42.7","2018-06-16","2.24",",,W",,,"0.00",",,W,2400","0.0",",,W,2400","0.0",",,W,2400",,,"85",",,W","64",",,W",,,"  290",",,W","  280",",,W","8.1",",,W","12.1",",,W",,,,,,,,,,,,
"USW00094728","NY CITY CENTRAL PARK, NY US","40.77898","-73.96925","42.7","2018-06-17","1.79",",,W",,,"0.00",",,W,2400","0.0",",,W,2400","0.0",",,W,2400",,,"91",",,W","66",",,W",,,"  240",",,W","  250",",,W","8.9",",,W","17.0",",,W",,,,,,,,,,,,
"USW00094728","NY CITY CENTRAL PARK, NY US","40.77898","-73.96925","42.7","2018-06-18","5.59",",,W",,,"0.08",",,W,2400","0.0",",,W,2400","0.0",",,W,2400",,,"91",",,W","73",",,W",,,"  240",",,W","  260",",,W","14.1",",,W","23.9",",,W","    1",",,W",,,"    1",",,W",,,,,,
"USW00094728","NY CITY CENTRAL PARK, NY US","40.77898","-73.96925","42.7","2018-06-19","3.80",",,W",,,"0.07",",,W,2400","0.0",",,W,2400","0.0",",,W,2400",,,"88",",,W","75",",,W",,,"   40",",,W","  240",",,W","12.1",",,W","19.9",",,W","    1",",,W",,,,,,,,,,
"USW00094728","NY CITY CENTRAL PARK, NY US","40.77898","-73.96925","42.7","2018-06-20","1.57",",,W",,,"0.09",",,W,2400","0.0",",,W,2400","0.0",",,W,2400",,,"83",",,W","69",",,W",,,"  170",",,W","  160",",,W","8.1",",,W","14.1",",,W","    1",",,W",,,,,,,,,"    1",",,W"
"USW00094728","NY CITY CENTRAL PARK, NY US","40.77898","-73.96925","42.7","2018-06-21","2.01",",,W",,,"0.59",",,W,2400","0.0",",,W,2400","0.0",",,W,2400",,,"83",",,W","65",",,W",,,"   10",",,W","   20",",,W","8.1",",,W","14.1",",,W","    1",",,W",,,,,,,,,,
"USW00094728","NY CITY CENTRAL PARK, NY US","40.77898","-73.96925","42.7","2018-06-22","4.70",",,W",,,"0.10",",,W,2400","0.0",",,W,2400","0.0",",,W,2400",,,"75",",,W","62",",,W",,,"  140",",,W","   70",",,W","10.1",",,W","16.1",",,W","    1",",,W",,,,,,,,,,
"USW00094728","NY CITY CENTRAL PARK, NY US","40.77898","-73.96925","42.7","2018-06-23","4.92",",,W",,,"0.00","T,,W,2400","0.0",",,W,2400","0.0",",,W,2400",,,"66",",,W","62",",,W",,,"   60",",,W","   70",",,W","13.0",",,W","19.9",",,W",,,,,,,,,,,,
"USW00094728","NY CITY CENTRAL PARK, NY US","40.77898","-73.96925","42.7","2018-06-24","2.24",",,W",,,"0.00","T,,W,2400","0.0",",,W,2400","0.0",",,W,2400",,,"84",",,W","66",",,W",,,"  270",",,W","  230",",,W","8.9",",,W","21.0",",,W","    1",",,W",,,"    1",",,W",,,,,"    1",",,W"
"USW00094728","NY CITY CENTRAL PARK, NY US","40.77898","-73.96925","42.7","2018-06-25","4.92",",,W",,,"0.00",",,W,2400","0.0",",,W,2400","0.0",",,W,2400",,,"81",",,W","67",",,W",,,"  350",",,W","  340",",,W","15.0",",,W","23.9",",,W",,,,,,,,,,,,
"USW00094728","NY CITY CENTRAL PARK, NY US","40.77898","-73.96925","42.7","2018-06-26","3.80",",,W",,,"0.00",",,W,2400","0.0",",,W,2400","0.0",",,W,2400",,,"78",",,W","61",",,W",,,"  160",",,W","  170",",,W","8.9",",,W","19.0",",,W",,,,,,,,,,,,
"USW00094728","NY CITY CENTRAL PARK, NY US","40.77898","-73.96925","42.7","2018-06-27","3.58",",,W",,,"0.01",",,W,2400","0.0",",,W,2400","0.0",",,W,2400",,,"73",",,W","66",",,W",,,"  180",",,W","  180",",,W","10.1",",,W","21.0",",,W","    1",",,W",,,,,,,,,,
"USW00094728","NY CITY CENTRAL PARK, NY US","40.77898","-73.96925","42.7","2018-06-28","2.91",",,W",,,"1.36",",,W,2400","0.0",",,W,2400","0.0",",,W,2400",,,"83",",,W","70",",,W",,,"  360",",,W","  340",",,W","13.0",",,W","19.9",",,W","    1",",,W","    1",",,W","    1",",,W",,,,,,
"USW00094728","NY CITY CENTRAL PARK, NY US","40.77898","-73.96925","42.7","2018-06-29","2.68",",,W",,,"0.00",",,W,2400","0.0",",,W,2400","0.0",",,W,2400",,,"89",",,W","70",",,W",,,"  280",",,W","  300",",,W","10.1",",,W","17.0",",,W",,,,,,,,,,,,
"USW00094728","NY CITY CENTRAL PARK, NY US","40.77898","-73.96925","42.7","2018-06-30","2.24",",,W",,,"0.00",",,W,2400","0.0",",,W,2400","0.0",",,W,2400",,,"93",",,W","72",",,W",,,"  220",",,W","  240",",,W","8.9",",,W","15.0",",,W",,,,,,,,,,,,
